{
    "root_group": {
        "checks": {
            "status 201 or 200": {
                "name": "status 201 or 200",
                "path": "::status 201 or 200",
                "id": "0e4f29304a8a928387d4e7c79f6f4885",
                "passes": 300,
                "fails": 0
            },
            "no 5xx": {
                "name": "no 5xx",
                "path": "::no 5xx",
                "id": "d1ddfa01c9c508d09ccb3a23b0b94c45",
                "passes": 300,
                "fails": 0
            }
        },
        "name": "",
        "path": "",
        "id": "d41d8cd98f00b204e9800998ecf8427e",
        "groups": {}
    },
    "metrics": {
        "http_req_sending": {
            "p(95)": 0.06404999999999998,
            "avg": 0.03992666666666666,
            "min": 0.011,
            "med": 0.039,
            "max": 0.173,
            "p(90)": 0.056
        },
        "vus_max": {
            "value": 2,
            "min": 2,
            "max": 2
        },
        "http_req_tls_handshaking": {
            "avg": 0,
            "min": 0,
            "med": 0,
            "max": 0,
            "p(90)": 0,
            "p(95)": 0
        },
        "http_req_receiving": {
            "avg": 0.08631999999999994,
            "min": 0.035,
            "med": 0.073,
            "max": 1.488,
            "p(90)": 0.13170000000000004,
            "p(95)": 0.16509999999999997
        },
        "data_sent": {
            "count": 201425,
            "rate": 671.1681845441575
        },
        "http_req_waiting": {
            "p(95)": 156.54485,
            "avg": 142.69653999999997,
            "min": 133.543,
            "med": 136.87349999999998,
            "max": 467.489,
            "p(90)": 149.8093
        },
        "http_req_failed": {
            "fails": 300,
            "passes": 0,
            "thresholds": {
                "rate<0.01": false
            },
            "value": 0
        },
        "http_reqs": {
            "count": 300,
            "rate": 0.9996299136812572
        },
        "http_req_duration": {
            "max": 467.684,
            "p(90)": 149.9461,
            "p(95)": 156.6681,
            "avg": 142.82278666666676,
            "min": 133.675,
            "med": 137.0165,
            "thresholds": {
                "p(95)<2000": false
            }
        },
        "data_received": {
            "count": 230463,
            "rate": 767.9256959890786
        },
        "latency_medium": {
            "avg": 142.36591851851844,
            "min": 133.675,
            "med": 137.099,
            "max": 403.369,
            "p(90)": 149.1012,
            "p(95)": 156.0737
        },
        "http_req_blocked": {
            "p(90)": 0.015,
            "p(95)": 0.017,
            "avg": 0.01322999999999997,
            "min": 0.003,
            "med": 0.01,
            "max": 0.521
        },
        "http_req_duration{expected_response:true}": {
            "min": 133.675,
            "med": 137.0165,
            "max": 467.684,
            "p(90)": 149.9461,
            "p(95)": 156.6681,
            "avg": 142.82278666666676
        },
        "checks": {
            "passes": 600,
            "fails": 0,
            "value": 1
        },
        "latency_short": {
            "avg": 143.19658787878788,
            "min": 133.752,
            "med": 136.939,
            "max": 467.684,
            "p(90)": 150.3998,
            "p(95)": 156.74919999999997
        },
        "http_req_connecting": {
            "med": 0,
            "max": 0.338,
            "p(90)": 0,
            "p(95)": 0,
            "avg": 0.00163,
            "min": 0
        },
        "vus": {
            "value": 0,
            "min": 0,
            "max": 1
        },
        "iteration_duration": {
            "min": 133.953541,
            "med": 137.504146,
            "max": 469.840541,
            "p(90)": 150.4999711,
            "p(95)": 157.30298989999997,
            "avg": 143.33640501
        },
        "iterations": {
            "count": 300,
            "rate": 0.9996299136812572
        }
    }
}