{
    "root_group": {
        "name": "",
        "path": "",
        "id": "d41d8cd98f00b204e9800998ecf8427e",
        "groups": {},
        "checks": {
                "status 201 or 200": {
                    "passes": 901,
                    "fails": 0,
                    "name": "status 201 or 200",
                    "path": "::status 201 or 200",
                    "id": "0e4f29304a8a928387d4e7c79f6f4885"
                },
                "no 5xx": {
                    "fails": 0,
                    "name": "no 5xx",
                    "path": "::no 5xx",
                    "id": "d1ddfa01c9c508d09ccb3a23b0b94c45",
                    "passes": 901
                }
            }
    },
    "metrics": {
        "http_req_blocked": {
            "avg": 0.009836847946725817,
            "min": 0.002,
            "med": 0.01,
            "max": 0.441,
            "p(90)": 0.012,
            "p(95)": 0.013
        },
        "iteration_duration": {
            "med": 136.732208,
            "max": 613.483209,
            "p(90)": 147.668625,
            "p(95)": 155.064834,
            "avg": 141.27590231964473,
            "min": 133.261417
        },
        "iterations": {
            "count": 901,
            "rate": 3.0019507548936595
        },
        "http_req_failed": {
            "fails": 901,
            "passes": 0,
            "thresholds": {
                "rate<0.01": false
            },
            "value": 0
        },
        "checks": {
            "passes": 1802,
            "fails": 0,
            "value": 1
        },
        "http_req_waiting": {
            "min": 132.952,
            "med": 136.142,
            "max": 612.698,
            "p(90)": 146.937,
            "p(95)": 154.551,
            "avg": 140.66040066592686
        },
        "data_sent": {
            "count": 610086,
            "rate": 2032.6838271365739
        },
        "latency_medium": {
            "max": 612.875,
            "p(90)": 147.7525,
            "p(95)": 155.55524999999997,
            "avg": 142.73104926108374,
            "min": 133.016,
            "med": 136.37349999999998
        },
        "http_req_duration{expected_response:true}": {
            "p(95)": 154.689,
            "avg": 140.79423529411773,
            "min": 133.016,
            "med": 136.257,
            "max": 612.875,
            "p(90)": 147.107
        },
        "http_req_receiving": {
            "avg": 0.09835516093229724,
            "min": 0.028,
            "med": 0.094,
            "max": 1.456,
            "p(90)": 0.141,
            "p(95)": 0.173
        },
        "http_req_tls_handshaking": {
            "min": 0,
            "med": 0,
            "max": 0,
            "p(90)": 0,
            "p(95)": 0,
            "avg": 0
        },
        "http_req_connecting": {
            "avg": 0.0006215316315205326,
            "min": 0,
            "med": 0,
            "max": 0.344,
            "p(90)": 0,
            "p(95)": 0
        },
        "vus": {
            "value": 0,
            "min": 0,
            "max": 2
        },
        "vus_max": {
            "min": 2,
            "max": 2,
            "value": 2
        },
        "latency_long": {
            "avg": 139.73380000000003,
            "min": 134.364,
            "med": 136.792,
            "max": 153.587,
            "p(90)": 147.0254,
            "p(95)": 150.3062
        },
        "http_req_sending": {
            "min": 0.01,
            "med": 0.037,
            "max": 0.118,
            "p(90)": 0.046,
            "p(95)": 0.049,
            "avg": 0.035479467258601585
        },
        "http_req_duration": {
            "max": 612.875,
            "p(90)": 147.107,
            "p(95)": 154.689,
            "avg": 140.79423529411773,
            "min": 133.016,
            "med": 136.257,
            "thresholds": {
                "p(95)<2000": false
            }
        },
        "http_reqs": {
            "count": 901,
            "rate": 3.0019507548936595
        },
        "data_received": {
            "count": 697116,
            "rate": 2322.650280186957
        },
        "latency_short": {
            "avg": 139.20026734693872,
            "min": 133.265,
            "med": 136.123,
            "max": 262.777,
            "p(90)": 146.5718,
            "p(95)": 154.09085
        }
    }
}