{
    "root_group": {
        "id": "d41d8cd98f00b204e9800998ecf8427e",
        "groups": {},
        "checks": {
                "status 200": {
                    "path": "::status 200",
                    "id": "fad9fa412b86fcb03bee97c80dcd61f1",
                    "passes": 460,
                    "fails": 60,
                    "name": "status 200"
                },
                "has results array": {
                    "name": "has results array",
                    "path": "::has results array",
                    "id": "6db6bda1862512d2a0864d26094ebb96",
                    "passes": 460,
                    "fails": 60
                }
            },
        "name": "",
        "path": ""
    },
    "metrics": {
        "vus_max": {
            "value": 20,
            "min": 5,
            "max": 20
        },
        "http_req_duration": {
            "avg": 4093.779871153844,
            "min": 135.365,
            "med": 139.1725,
            "max": 41802.235,
            "p(90)": 21929.997100000015,
            "p(95)": 33109.932,
            "thresholds": {
                "p(95)<3000": true
            }
        },
        "http_req_failed": {
            "passes": 60,
            "fails": 460,
            "thresholds": {
                "rate<0.01": true
            },
            "value": 0.11538461538461539
        },
        "vus": {
            "value": 0,
            "min": 0,
            "max": 20
        },
        "http_req_tls_handshaking": {
            "min": 0,
            "med": 0,
            "max": 0,
            "p(90)": 0,
            "p(95)": 0,
            "avg": 0
        },
        "http_req_receiving": {
            "avg": 0.0861653846153846,
            "min": 0,
            "med": 0.0795,
            "max": 0.749,
            "p(90)": 0.145,
            "p(95)": 0.17714999999999992
        },
        "data_received": {
            "count": 1290049,
            "rate": 4300.124460208213
        },
        "data_sent": {
            "count": 168328,
            "rate": 561.088261095453
        },
        "http_reqs": {
            "rate": 1.7333176641416497,
            "count": 520
        },
        "http_req_sending": {
            "p(90)": 0.09220000000000002,
            "p(95)": 0.14319999999999988,
            "avg": 0.06515576923076924,
            "min": 0.012,
            "med": 0.039,
            "max": 2.479
        },
        "http_req_waiting": {
            "max": 41802.212,
            "p(90)": 21929.979300000017,
            "p(95)": 33109.838899999995,
            "avg": 4093.628549999998,
            "min": 135.237,
            "med": 139.059
        },
        "search_latency": {
            "min": 135.365,
            "med": 139.1725,
            "max": 41802.235,
            "p(90)": 21929.997100000015,
            "p(95)": 33109.932,
            "avg": 4093.779871153843
        },
        "iteration_duration": {
            "p(95)": 33110.93214999999,
            "avg": 4094.3103204192307,
            "min": 135.754125,
            "med": 139.781188,
            "max": 41802.337666,
            "p(90)": 21930.157904800013
        },
        "http_req_connecting": {
            "med": 0,
            "max": 1.573,
            "p(90)": 0.2929000000000001,
            "p(95)": 0.4366499999999997,
            "avg": 0.06387884615384613,
            "min": 0
        },
        "http_req_blocked": {
            "med": 0.011,
            "max": 1.714,
            "p(90)": 0.37920000000000004,
            "p(95)": 0.567,
            "avg": 0.0901019230769233,
            "min": 0.003
        },
        "iterations": {
            "count": 520,
            "rate": 1.7333176641416497
        },
        "dropped_iterations": {
            "count": 80,
            "rate": 0.2666642560217923
        },
        "http_req_duration{expected_response:true}": {
            "p(90)": 404.9742,
            "p(95)": 2383.424299999995,
            "avg": 584.2068086956518,
            "min": 135.365,
            "med": 138.656,
            "max": 13824.385
        },
        "checks": {
            "passes": 920,
            "fails": 120,
            "value": 0.8846153846153846
        }
    }
}